product_id,product,category
1,Maggi 2 min Masala Noodles,Grocery & Gourmet Foods
2,Trust Classic Sulphur less Refined Sugar,Grocery & Gourmet Foods
3,Cookies  Dark Fantasy Choco Fills,Grocery & Gourmet Foods
4,Crackers & Salt Biscuits  Parle Rusk,Grocery & Gourmet Foods
5,Toor Dal  Tata Sampann Unpolished Toor Dal/Arhar Dal,Grocery & Gourmet Foods
6,Wheat Flours  Aashirvaad Shudh Chakki Atta,Grocery & Gourmet Foods
7,Basmati  Daawat Rozana Super Basmati Rice,Grocery & Gourmet Foods
8,Rice Chips  Haldiram Suji Rusk  ,Grocery & Gourmet Foods
9,Act II Popcorn IPC Classic Salted Combo Pack,Grocery & Gourmet Foods
10,Cloves  Amazon Brand,Grocery & Gourmet Foods
11,Cadbury Bournvita Health Drink,Grocery & Gourmet Foods
12,Multigrain Flour  Aashirvaad Atta with Multigrains,Grocery & Gourmet Foods
13,"Honey  Dabur Honey 100% Pure World's No.1 Honey Brand with No Sugar Adulteration , Squeezy Pack",Grocery & Gourmet Foods
14,Cadbury Oreo Choco Crème Biscuit Family Pack,Grocery & Gourmet Foods
15,Ketchup  Kissan Fresh Tomato Ketchup,Grocery & Gourmet Foods
16,Nature Fresh Sampoorna Chakki Atta,Grocery & Gourmet Foods
17,Nestle MILKMAID Sweetened Condensed Milk,Grocery & Gourmet Foods
18,Cumin Seeds  Amazon Brand,Grocery & Gourmet Foods
19,Mother Dairy Cow Ghee,Grocery & Gourmet Foods
20,MTR Seviyan Vermicelli,Grocery & Gourmet Foods
21,Dettol Original Germ Protection Bathing Soap bar,Beauty
22,Godrej Protekt Masterblaster Germ Protection Liquid Handwash Refill,Beauty
23,Parachute 100 % Pure Coconut Oil,Beauty
24,Savlon Glycerine Soap,Beauty
25,Dettol Liquid Handwash Skincare,Beauty
26,DukesCream 4 Fun Biscuits Combie,Beauty
27,Fiama Gel Bar Blackcurrant and Bearberry for radiant glowing skin,Beauty
28,Fiama Gel Bar,Beauty
29,Rexona Coconut and Olive Oil Soap,Beauty
30,Dove Cream Beauty Bathing Bar With ¼ Moisturizing Cream To Give You Softer,Beauty
31,Dabur Vatika Ayurvedic Shampoo for Hair Fall Control & Damage free Strong and Shiny hair,Beauty
32,L'Oreal Paris Total Repair 5 Shampoo 704ml Combo with Conditioner,Beauty
33,"Dabur Vatika Health Shampoo, with Henna & Amla for Problem Free Hair",Beauty
34,Parachute Advansed Body Lotion Soft Touch,Beauty
35,Dettol Liquid Hand wash Refill Original -1500 ml ,Beauty
36,"Lifebuoy Total 10 Active Silver Formula-Germ Protection Handwash Refill, 1.5 L ",Beauty
37,Cinthol Lime Soap,Beauty
38,Lux Rose & Vitamin E Beauty Soap Bar For Glowing Skin Combo Offer Pack 8x150 g  ,Beauty
39,Pears Moisturising Bathing Bar Soap with Glycerine Pure & Gentle For Golden Glow (125g x 8)  ,Beauty
40,Godrej No.1 Bathing Soap,Beauty
41,"Dettol Liquid Hand wash, Original",Beauty
42,Himalaya Neem and Turmeric Soap,Beauty
43,Godrej No.1 Bathing Soap,Beauty
44,Santoor Sandalwood and Turmeric Bath Soap for Younger Looking and Glowing Skin,Beauty
45,"Dove Hair Fall Rescue Shampoo- For Weak Hair Prone To Hairfall, Deeply Nourishes From Roots Up And Reduces Hair Fall By Up To 98%, 1 Ltr ",Beauty
46,Savlon Moisture Shield Germ Protection Liquid Handwash Refill Pouch,Beauty
47,Parachute Advansed Aloe Vera Enriched Coconut Hair Oil,Beauty
48,Liril Lemon & Tea Tree Oil Soap,Beauty
49,Domex Fresh Guard Ocean Fresh Disinfectant Liquid Toilet Cleaner,Beauty
50,Himalaya Herbals Purifying Neem Face Wash,Beauty
51,Clinic Plus Strong & Long Shampoo,Beauty
52,Lifebuoy Total 10 Active Silver Formula-Germ Protection Handwash Refill 750ml (Pack of 2) ,Beauty
53,Domex Fresh Guard Lime Fresh Disinfectant Liquid Toilet Cleaner,Beauty
54,Skinbeing Blueberry Daily Refreshing Showergel,Beauty
55,Savlon Moisture Shield Handwash,Beauty
56,Lifebuoy Nature Germ Protection Handwash Refill 750 ml (Pack of 2)  ,Beauty
57,Santoor Classic Gentle Hand Wash,Beauty
58,Fiama Gel Bar Peach and Avocado for moisturized skin,Beauty
59,NIVEA Men Body Wash,Beauty
60,Savlon Herbal Sensitive pH balanced Liquid Handwash Refill Pouch,Beauty
61,Rich Creme Hair Colour,Beauty
62,Head & Shoulders,Beauty
63,"Dabur Badam Tail : 100% Pure | Sweet Almond Oil| Rich in Vitamin -E for Healthy Skin , Hair and Body -50ml ",Beauty
64,Santoor PureGlo Glycerine Soap with Almond Oil and Glycerine,Beauty
65,Dabur Almond Hair Oil,Beauty
66,NIVEA Body Lotion for Very Dry Skin,Beauty
67,Vivel Aloe Vera Bathing Bar,Beauty
68,"Whisper Ultra Clean Sanitary Pads for Women, XL+ 50 Napkins",Health & Personal Care
69,Godrej Protekt Masterblaster Germ Protection Liquid Handwash Refill,Health & Personal Care
70,Colgate Total Whole Mouth Health,Health & Personal Care
71,"Oral- B 1.2.3 Toothbrush with Neem Extract, Soft (Buy 2 Get 2 Free) ",Health & Personal Care
72,Candies & Mints  Dabur Hajmola Tablet,Health & Personal Care
73,ENO Regular Digestive Anatacid 100 gm Jar Pack  ,Health & Personal Care
74,"Closeup Everfresh+ Anti-Germ Gel Toothpaste Red Hot, Save Rs. 20, 2x150 g ",Health & Personal Care
75,Colgate Slim Soft Charcoal Toothbrush,Health & Personal Care
76,Dettol Liquid Handwash Skincare,Health & Personal Care
77,"Colgate Max Fresh, Spicy Fresh Red Gel Toothpaste",Health & Personal Care
78,Manual Toothbrushes  Colgate ZigZag Toothbrush,Health & Personal Care
79,Toothpastes  Colgate Strong Teeth Anticavity Toothpaste with Amino Shakti,Health & Personal Care
80,Dabur Meswak: India’s No-1 Fluoride Free Toothpaste | Herbal paste made from pure extract of rare Miswak herb,Health & Personal Care
81,Colgate Active Salt Toothpaste,Health & Personal Care
82,Dabur Red Paste,Health & Personal Care
83,"Lifebuoy Total 10 Active Silver Formula-Germ Protection Handwash Refill, 1.5 L ",Health & Personal Care
84,Dettol Liquid Hand wash Refill Original -1500 ml ,Health & Personal Care
85,Oral-B Soft Sensitive Whitening Toothbrush,Health & Personal Care
86,Savlon Herbal Sensitive pH balanced Liquid Handwash Refill Pouch,Health & Personal Care
87,Colgate Swarna Vedshakti Ayurvedic Toothpaste with anti-germ properties for whole mouth protection,Health & Personal Care
88,Colgate Max Fresh Blue Gel Toothpaste for super freshness,Health & Personal Care
89,Parle 2 in 1 Eclairs,Health & Personal Care
90,Savlon Moisture Shield Handwash,Health & Personal Care
91,Cloves  Amazon Brand,Spices & Masalas
92,Coriander Seasoning  Tata Sampann Coriander Powder Masala,Spices & Masalas
93,Pepper Corn  Amazon Brand,Spices & Masalas
94,Cumin Seeds  Amazon Brand,Spices & Masalas
95,24 Mantra Organic Fennel Seed Organic/saunf,Spices & Masalas
96,Turmeric Seasoning  Tata Sampann Turmeric Powder,Spices & Masalas
97,Dry Mango Powder  Catch Masala Amchur Powder,Spices & Masalas
98,Asafoetida Seasoning  Catch Compounded Hing,Spices & Masalas
99,Garam Masala  Tata Sampann Garam Masala,Spices & Masalas
100,Ajwain  Amazon Brand,Spices & Masalas
101,Everest Masala Powder,Spices & Masalas
102,Catch Meat Masala,Spices & Masalas
103,Organic Tattva Black Pepper Whole,Spices & Masalas
104,Kohinoor Hyderabadi Biryani Masala,Spices & Masalas
105,Whole Dry Bay Leaves  Amazon Brand,Spices & Masalas
106,Coriander Seeds  Amazon Brand,Spices & Masalas
107,Catch Red Chilli Powder,Spices & Masalas
108,24 Mantra Organic Red Stick Chilly,Spices & Masalas
109,Tata Salt Lite,Spices & Masalas
110,"Ready Masalas & Curry Powder  MAGGI Masala-ae-Magic Seasoning, Vegetable Masala",Spices & Masalas
111,Toor Dal  Tata Sampann Unpolished Toor Dal/Arhar Dal,Dals & Pulses
112,Tata Sampann Organic Masoor Dal,Dals & Pulses
113,Dried Kabuli Chana  Amazon Brand,Dals & Pulses
114,Kala Channa  Amazon Brand,Dals & Pulses
115,Tata Sampann Rajma,Dals & Pulses
116,Tata Sampann Masoor Dal Split,Dals & Pulses
117,Tata Sampann Kabuli,Dals & Pulses
118,Tata Sampann Urad Kali,Dals & Pulses
119,Moong Dal  Tata Sampann Unpolished Moong Dal Split,Dals & Pulses
120,Tata Sampann Green Moong,Dals & Pulses
121,Channa Dal  Tata Sampann Chana Dal,Dals & Pulses
122,Dried Masoor  Tata Sampann Unpolished Masoor Dal,Dals & Pulses
123,Kabuli Chana Economy 1Kg  ,Dals & Pulses
124,Horlicks Health & Nutrition drink,Grocery & Gourmet Foods
125,Kellogg's Chocos Fills,Grocery & Gourmet Foods
126,Disano Pastalicious 100% Durum Wheat Elbow Pasta,Grocery & Gourmet Foods
127,Bikano Bikaneri Bhujia,Grocery & Gourmet Foods
128,Haldiram's Nut Cracker,Grocery & Gourmet Foods
129,Dabur Hajmola Regular Tablet,Grocery & Gourmet Foods
130,Garam Masala  Tata Sampann Garam Masala,Grocery & Gourmet Foods
131,Dhara Kachi Ghani Mustard Oil,Grocery & Gourmet Foods
132,MTR Roasted Vermicelli,Grocery & Gourmet Foods
133,Sunfeast Biscuits,Grocery & Gourmet Foods
134,Besan (Gram Flour)  Fortune Besan,Grocery & Gourmet Foods
135,Haldiram's Salted Peanut,Grocery & Gourmet Foods
136,Candies & Mints  Dabur Hajmola Tablet,Grocery & Gourmet Foods
137,Haldiram's Navrattan,Grocery & Gourmet Foods
138,Vedaka Popular Cashews,Grocery & Gourmet Foods
139,"Ready Masalas & Curry Powder  MAGGI Masala-ae-Magic Seasoning, Vegetable Masala",Grocery & Gourmet Foods
140,Knorr Classic Tomato Soup with 100% Real Vegetabls,Grocery & Gourmet Foods
141,Parle Marie Light & Crispy,Grocery & Gourmet Foods
142,Catch Red Chilli Powder,Grocery & Gourmet Foods
143,Sunfeast Yumfills Whoopie Pie,Grocery & Gourmet Foods
144,Colgate Kids (2+years) Extra Soft Toothbrush (Buy 3)  ,Health & Personal Care
145,Yardley London Refreshing Deo Body Spray Tripack (English Lavender + English Rose + Morning Dew) for Women,Health & Personal Care
146,"Colgate Plax Antibacterial Mouthwash, 24/7 Fresh Breath",Health & Personal Care
147,Colgate Herbal Toothpaste,Health & Personal Care
148,Dabur Red Ayurvedic Paste,Health & Personal Care
149,Colgate Charcoal Clean Toothpaste Bamboo Charcoal & Mint,Health & Personal Care
150,Engage Women Deodorant Blush,Health & Personal Care
151,Colgate Total Whole Mouth Health,Health & Personal Care
152,Lifebuoy Total 10 Activ Silver Germ Protection Handwash Refill,Health & Personal Care
153,Dettol Liquid Soap Jar Original,Health & Personal Care
154,Whisper bindazzz nights XL+ 44 sanitary pads for women  ,Health & Personal Care
155,Tongue Cleaners  Amazon Brand,Health & Personal Care
156,Pepsodent Expert Protection Gum Care Toothpaste,Health & Personal Care
157,"Sirona Ultra Thin Panty Liners, Small",Health & Personal Care
158,Closeup Ever Fresh Lemon Mint Gel Toothpaste 150 g  ,Health & Personal Care
159,Dabur Red Paste,Health & Personal Care
160,KeepSafe Instant Hand Sanitizer,Health & Personal Care
161,NIVEA Men Deep Impact Freshness Deodorant,Health & Personal Care
162,Fem Soft Handz Handwash Sensitive : Kills 99.9% Germs | Enriched with the goodness of Glycerine and Vanilla |1200+ washes liquid soap refill pack,Health & Personal Care
163,Colgate Visible White Teeth Whitening Toothpaste,Health & Personal Care
164,Lifebuoy Alcohol Based Germ Protection Hand Sanitizer 500ml  ,Health & Personal Care
165,Whisper Choice Sanitary Pads for Women,Health & Personal Care
166,Enchanteur Romantic Perfumed Deo Spray for Women,Health & Personal Care
167,Gillette Classic Sensitive Skin Pre Shave Foam,Health & Personal Care
168,Shalimar Premium OXO,Waste & Recycling
169,Global Creations premium virgin Garbage Bags for Home Kitchen | 48 X 54 CM Medium Size | Black Color | 30 Pcs in Each Pack | Disposable Pantry Dustbin Covers(pack of 3)  ,Waste & Recycling
170,G 1 Garbage Bags for Home Kitchen | 19 X 21 Inch Medium Size | Black Color | 240 Pieces ( Pack of 8) | 30 Pcs in Each Pack | Disposable Pantry Dustbin Covers  ,Waste & Recycling
171,RUMAXO Dustbin Bag in pantry small 6 PACK of Small Size Garbage Bags (43 cm x 51 cm-17x20 inches-180 Bags-Black Colour) ,Waste & Recycling
172,G 1 Garbage Bags for Home Kitchen Wet Waste | 19 X 21 Inch Medium Size | Blue Color | 180 Pieces (Pack of 6) | 30 Pcs in Each Pack | Disposable Pantry Dustbin Covers  ,Waste & Recycling
173,G 1 Oxo Biodegradable Garbage Bags for Home Kitchen | 19 X 21 Inch Medium Size | Black Color | 90 Pieces (Pack of 3) | 30 Pcs in Each Pack | Disposable Pantry Dustbin Covers  ,Waste & Recycling
174,G 1 Garbage Bags for Home Kitchen | 19 X 21 Inch Medium Size | Black Color | 360 Pieces (Pack of 12) | 30 Pcs in Each Pack | Disposable Pantry Dustbin Covers  ,Waste & Recycling
175,Shalimar Premium OXO,Waste & Recycling
176,Dustbin Bags  Ezee Plastic Garbage Bag,Waste & Recycling
177,Plastobag Garbage Bag Medium Size for Home-Kitchen-Office | Premium Disposable Trash and Dustbin Bags (60 Bags) | 19 x 21 inch ,Waste & Recycling
178,SponsoredSponsored You are seeing this ad based on the product’s relevance to your search query.Let us know  Amazon Brand,Waste & Recycling
179,SponsoredSponsored You are seeing this ad based on the product’s relevance to your search query.Let us know  Amazon Brand,Waste & Recycling
180,SponsoredSponsored You are seeing this ad based on the product’s relevance to your search query.Let us know  Amazon Brand,Waste & Recycling
181,G 1 Garbage Bags Medium Size Black Color 19 x 21 inch,Waste & Recycling
182,Ezee Garbage Bag,Waste & Recycling
183,G 1 Large Garbage Bags of 25 X 30 Inches | 42 Bags,Waste & Recycling
184,Shalimar Premium Compostable/Biodegradable Garbage Bags (Large) Size 60 cm x 81 cm (10 Bags) (Trash Bag/Dustbin Bag) (Green Color)  ,Waste & Recycling
185,Eco bin Dustbin Bags Biodegradable For Kitchen,Waste & Recycling
186,Garbage Bags for Home Kitchen | 29 X 39 Inch Medium Size | Black Color | ,Waste & Recycling
187,Tresemme Nourish & Replenish Shampoo,Beauty
188,"Hair & Care with Aloe Vera, Olive Oil & Green Tea Damage Repair Non-Sticky Hair Oil, 300 ml with Free 100 ml ",Beauty
189,Meera Hairfall Care Shampoo,Beauty
190,Enchanteur Romantic Perfumed Deo Spray for Women,Beauty
191,Yardley London Refreshing Deo Body Spray Tripack (English Lavender + English Rose + Morning Dew) for Women,Beauty
192,Chandrika Sandal & Saffron Glow Soap,Beauty
193,Cinthol Cool Bath Soap,Beauty
194,"Palmolive Aroma Absolute Relax Body Wash, Gel Based Shower Gel with 100% Natural Ylang Ylang Essential Oil & Iris Extracts",Beauty
195,Godrej No.1 Bathing Soap Kesar & Milk Cream,Beauty
196,Indica Crème Hair Color Natural Black,Beauty
197,Gillette Classic Sensitive Skin Pre Shave Foam,Beauty
198,Enchanteur Romantic Perfumed Talc for Women,Beauty
199,Fiama Scents Body Wash with Juniper and Geranium,Beauty
200,"Himalaya Anti-Dandruff Shampoo, 700ml ",Beauty
201,NIVEA Body Lotion,Beauty
202,NIVEA Body Lotion For Men & Women,Beauty
203,Dabur Almond Shampoo,Beauty
204,Parachute Advansed Body Lotion Coconut Milk Deep Nourish,Beauty
205,Himalaya Pure Skin Neem Facial Kit  ,Beauty
206,Pantene Advanced Hair Fall Solution Silky Smooth Care Shampoo,Beauty
207,"Himalaya Herbals Anti-Hair Fall Hair Oil, 100ml ",Beauty
208,NIVEA Body Wash,Beauty
209,Fiama Shower Gel Peach & Avocado,Beauty
210,"NIVEA Creme, All Season Multi-Purpose Cream, 200ml ",Beauty
211,Herbal Essences Vitamin E with Cocoa Butter SHAMPOO- For Strengthen and No Hairfall,Beauty
212,NIVEA Men Face Wash,Beauty
213,Fiama Scents Body Wash with Juniper and Geranium,Beauty
214,Parachute Advanced Men After Shower Hair Cream,Beauty
215,Dabur Gulabari Premium Rose Water – Natural,Beauty
216,Fiama Gel Crème Body Wash Brahma Kamalam & Almond Cream,Beauty
217,Dettol Liquid Handwash (Skincare),Beauty
218,"Palmolive Charcoal & Mint Body Wash for Men & Women, Shower Gel with Natural Charcoal Powder and Mint Oil (Body Scrub)",Beauty
219,Halo Nourishing Shampoo with Natural Egg Protein,Beauty
220,Nivea Men Fresh Protect Body Deodorizer Energy,Beauty
221,Charmis Deep Radiance Facewash,Beauty
222,NIVEA Body Wash,Beauty
223,"Palmolive Coconut Joy Body Wash, Crème Based Exfoliator with Real Apricot Seeds and Jojoba Butter Extracts",Beauty
224,Himalaya Rich Cocoa Butter Body Cream,Beauty
225,Fiama Gel Bar Patchouli and Macadamia for soft glowing skin,Beauty
226,NIVEA Women Deodorant Roll On,Beauty
227,NIVEA MEN Pure Impact Shower Gel,Beauty
228,Himalaya Purifying Face Wash,Beauty
229,Pantene Advanced Hair Fall Solution Total Damage Care Shampoo,Beauty
230,Dove Dandruff Care Shampoo,Beauty
231,Enchanteur Charming Perfumed Talc for Women,Beauty
232,Tresemme Spa Rejuvenation Masseagable Conditioner,Beauty
233,Dettol Liquid Soap Jar Skincare 900 ml  ,Beauty
234,"Harpic Disinfectant Toilet Cleaner Liquid, Original",Household Supplies
235,"Toilet Cleaners  Harpic Disinfectant Toilet Cleaner Liquid, Original",Household Supplies
236,"Harpic Disinfectant Bathroom Cleaner Liquid, Lemon",Household Supplies
237,"Lizol Disinfectant Surface & Floor Cleaner Liquid, Citrus",Household Supplies
238,Sanifresh Ultrashine 1L ( 500 + 500) Toilet Cleaner -1.5X Extra Strong Extra Clean with Odonil Room Freshner Blocks 50 g Free ,Household Supplies
239,Bacto-V Toilet Seat Sanitizer- Combo Pack ,Household Supplies
240,Floor Cleaners  Dettol Liquid Disinfectant Cleaner for Home,Household Supplies
241,Asian Paints Viroprotek Xtremo Disinfectant Toilet Cleaner,Household Supplies
242,Colin Glass and Surface Cleaner Spray with Shine Boosters,Household Supplies
243,"All-Purpose Cleaners  Lizol Disinfectant Surface & Floor Cleaner Liquid, Citrus",Household Supplies
244,Glass Cleaners  Colin Glass Cleaner Spray,Household Supplies
245,"Lizol Disinfectant Surface & Floor Cleaner Liquid, Floral",Household Supplies
246,"Harpic Disinfectant Toilet Cleaner Liquid, Original",Household Supplies
247,"Colin Glass and Surface Cleaner with Shine Boosters Refill, Regular",Household Supplies
248,"KeepSafe by Marico Multi Purpose Disinfectant Spray 90 ml, Effective Against Virus, Bacteria & Fungi, 84% Alcohol Based Surface Disinfectant Spray,Travel-friendly pack ",Household Supplies
249,D.K Cleaners Kapoor Flavor White Phenyl Concentrate Floor Cleaners,Household Supplies
250,Dettol Liquid Disinfectant Cleaner for Home,Household Supplies
251,Bathroom Cleaners  Harpic Disinfectant Bathroom Cleaner Liquid (Lemon),Household Supplies
252,Sanifresh Ultrashine Toilet Cleaner -1.5 X Extra Strong Extra Clean,Household Supplies
253,"Lizol Disinfectant Surface & Floor Cleaner Liquid,Floral",Household Supplies
254,Cookies  Dark Fantasy Choco Fills,Tools & Home Improvement
255,Ariel Matic Top Load Detergent Washing Powder,Tools & Home Improvement
256,Ketchup  Kissan Fresh Tomato Ketchup,Tools & Home Improvement
257,Wheat Flours  Aashirvaad Shudh Chakki Atta,Tools & Home Improvement
258,"Ariel Matic Liquid Detergent, Top Load, 2 Litre",Tools & Home Improvement
259,Tata Tea Gold Care,Tools & Home Improvement
260,Cadbury Bournvita Health Drink,Tools & Home Improvement
261,"Whisper Ultra Clean Sanitary Pads for Women, XL+ 50 Napkins",Tools & Home Improvement
262,Powder Detergent  Tide Plus Extra Power Detergent Washing Powder,Tools & Home Improvement
263,Maggi 2 min Masala Noodles,Tools & Home Improvement
264,Crackers & Salt Biscuits  Parle Rusk,Tools & Home Improvement
265,Trust Classic Sulphur less Refined Sugar,Tools & Home Improvement
266,Multigrain Flour  Aashirvaad Atta with Multigrains,Tools & Home Improvement
267,Toor Dal  Tata Sampann Unpolished Toor Dal/Arhar Dal,Tools & Home Improvement
268,Rice Chips  Haldiram Suji Rusk  ,Tools & Home Improvement
269,Mother Dairy Cow Ghee,Tools & Home Improvement
270,Organic Tattva Jaggery Powder,Grocery & Gourmet Foods
271,Tata Sampann Besan,Grocery & Gourmet Foods
272,DukesWaffy Biscuits Strawberry,Grocery & Gourmet Foods
273,Kasuri Methi  Amazon Brand,Grocery & Gourmet Foods
274,Daawat Rozana Gold Basmati Rice,Grocery & Gourmet Foods
275,Catch Meat Masala,Grocery & Gourmet Foods
276,Dhara Soyabean Oil,Grocery & Gourmet Foods
277,24 Mantra Organic Idly Rava,Grocery & Gourmet Foods
278,Haldiram's Chakoli,Grocery & Gourmet Foods
279,Nature Fresh Soyabean Oil Pouch,Grocery & Gourmet Foods
280,Everest Masala Powder,Grocery & Gourmet Foods
281,Instant Idli Mix  MTR Rava Idli Break Fast Mix,Grocery & Gourmet Foods
282,Tata Sampann Urad Dal Split,Grocery & Gourmet Foods
283,Organic Tattva Black Pepper Whole,Grocery & Gourmet Foods
284,24 Mantra Organic Tur Dal,Grocery & Gourmet Foods
285,Kohinoor Hyderabadi Biryani Masala,Grocery & Gourmet Foods
286,Tata Agni Leaf,Grocery & Gourmet Foods
287,Parle Monaco Cheeselings,Grocery & Gourmet Foods
288,Tata Tea Quick Chai,Grocery & Gourmet Foods
289,Sunfeast Dark Fantasy Choco Fills,Grocery & Gourmet Foods
290,Aashirvaad Kashmiri Mirch,Grocery & Gourmet Foods
291,Fortune Kachi Ghani Pure Mustard Oil Pouch,Grocery & Gourmet Foods
292,Almonds  Amazon Brand,Grocery & Gourmet Foods
293,Bikano Moong Dal Plain,Grocery & Gourmet Foods
294,24 Mantra Organic Fenugreek Seeds Organic whole /Methi seeds whole,Grocery & Gourmet Foods
295,Heinz Tomato Ketchup,Grocery & Gourmet Foods
296,24 Mantra Organic Red Stick Chilly,Grocery & Gourmet Foods
297,Everest Masala Powder,Grocery & Gourmet Foods
298,Chaat Masala  Catch Sprinklers Chat Masala,Grocery & Gourmet Foods
299,Soy Sauce  Weikfield SOYA Sauce,Grocery & Gourmet Foods
300,Puffed Snacks  Peppy Cheese Balls,Grocery & Gourmet Foods
301,Coffee  Nescafé Classic Coffee,Grocery & Gourmet Foods
302,Dried Cranberries  Amazon Brand,Grocery & Gourmet Foods
303,Kabuli Chana Economy 1Kg  ,Grocery & Gourmet Foods
304,Sunfeast Farmlite Digestive Oats with Raisins Biscuits,Grocery & Gourmet Foods
305,Horlicks Women's Plus Caramel Jar,Grocery & Gourmet Foods
306,Haldiram's Chana Jorgaram,Grocery & Gourmet Foods
307,Haldiram's Gujrati Mixture,Grocery & Gourmet Foods
308,Daawat SEHAT Mogra Rice,Grocery & Gourmet Foods
309,Knorr Mast Masala Soupy Noodles,Grocery & Gourmet Foods
310,Knorr Mast Masala Soupy Noodles,Grocery & Gourmet Foods
311,Haldiram's Long Sev,Grocery & Gourmet Foods
312,Kellogg's Chocos,Grocery & Gourmet Foods
313,Haldiram's Navrattan,Grocery & Gourmet Foods
314,Nestle Everyday Dairy Whitener,Grocery & Gourmet Foods
315,Haldiram's Kachori,Grocery & Gourmet Foods
316,Daawat SEHAT Mogra Rice,Grocery & Gourmet Foods
317,Fortune Chakki Fresh Atta,Grocery & Gourmet Foods
318,24 Mantra Organic Kabuli Chana (White Chick Peas),Grocery & Gourmet Foods
319,Dry Red Chilli  Amazon Brand,Grocery & Gourmet Foods
320,Parachute 100 % Pure Coconut Oil,Grocery & Gourmet Foods
321,Saffola Active,Grocery & Gourmet Foods
322,Haldiram's Panchrattan,Grocery & Gourmet Foods
323,Horlicks Health & Nutrition drink,Grocery & Gourmet Foods
324,Cadbury Bournvita Biscuits Pro Health Vitamins Chocolate,Grocery & Gourmet Foods
325,Rice Flour  24 Mantra Organic Rice Flour,Grocery & Gourmet Foods
326,Ching's Veg Hakka Noodles,Grocery & Gourmet Foods
327,Pure & Sure Organic Powder,Grocery & Gourmet Foods
328,Parle Hide and Seek Choco Rolls,Grocery & Gourmet Foods
329,Godrej Protekt Masterblaster Germ Protection Liquid Handwash Refill,Grocery & Gourmet Foods
330,Unibic Fruit & Nut Cookies,Grocery & Gourmet Foods
331,Kissan Mixed Fruit Jam 1kg  ,Grocery & Gourmet Foods
332,Haldiram's Cornflake Mixture,Grocery & Gourmet Foods
333,Everest Powder,Grocery & Gourmet Foods
334,Vedaka Popular Cashews,Grocery & Gourmet Foods
335,Quaker Oats,Grocery & Gourmet Foods
336,Sunfeast Mom'S Magic Cashew And Almond Cookie,Grocery & Gourmet Foods
337,Haldiram's Mathri,Grocery & Gourmet Foods
338,Saffola Oats,Grocery & Gourmet Foods
339,Haldiram's Long Sev,Grocery & Gourmet Foods
340,Cornflour  Brown & Polson Corn Flour,Grocery & Gourmet Foods
341,MTR Rice Idly Breakfast Mix,Grocery & Gourmet Foods
342,Saffola Masala Oats Classic Masala,Grocery & Gourmet Foods
343,Catch Chat Pata Masala,Grocery & Gourmet Foods
344,Fruit Juice  B Natural Mixed Fruit Juice,Grocery & Gourmet Foods
345,Short Pasta  MAGGI PAZZTA Instant Pasta,Grocery & Gourmet Foods
346,Sesame  Amazon Brand,Grocery & Gourmet Foods
347,Cadbury Bournvita Health Drink,Grocery & Gourmet Foods
348,Tata Sampann Multigrain Khichdi Mix,Grocery & Gourmet Foods
349,Sambar Powder  Everest Sambhar Masala,Grocery & Gourmet Foods
350,Haldiram's Aloo Bhujia,Grocery & Gourmet Foods
351,Sunfeast Farmlite Veda Digestive Biscuit | High Fibre | Goodness of 5 Natural Ingredients and Wheat Fibre,Grocery & Gourmet Foods
352,Sunfeast Farmlite Veda Digestive Biscuit | High Fibre | Goodness of 5 Natural Ingredients and Wheat Fibre,Grocery & Gourmet Foods
353,Herbal Tea  Red Label Natural Care Tea,Grocery & Gourmet Foods
354,Haldiram's Aloo Bhujia,Grocery & Gourmet Foods
355,Haldiram's Gathia,Grocery & Gourmet Foods
356,Raisins  Amazon Brand,Grocery & Gourmet Foods
357,Ujala Supreme,Grocery & Gourmet Foods
358,Mcvities Digestive Biscuits,Grocery & Gourmet Foods
359,ScotchBrite Stainless Steel and Scrub Pad combo 1 Steel Scrubbers (15g) + 2 Scrub pads.  ,Grocery & Gourmet Foods
360,Bajra (Pearl Millet)  24 Mantra Organic Bajra (Pearl Millet) Flour,Grocery & Gourmet Foods
361,Haldiram's Bhujia,Grocery & Gourmet Foods
362,Everest Masala,Grocery & Gourmet Foods
363,Happilo 100% Natural Premium Whole Cashews 500g,Grocery & Gourmet Foods
364,Colgate Slim Soft Charcoal Toothbrush,Grocery & Gourmet Foods
365,PediaSure Health & Nutrition Drink Powder for Kids Growth,Grocery & Gourmet Foods
366,Nestlé Everyday Dairy Whitener Powder,Grocery & Gourmet Foods
367,Disano Fusilli Durum Wheat Pasta,Grocery & Gourmet Foods
368,Dukes Waffy Biscuits Pineapple,Grocery & Gourmet Foods
369,Bingo! Tedhe Medhe Cocktail Mix,Grocery & Gourmet Foods
370,Nestle Everyday Dairy Whitener,Grocery & Gourmet Foods
371,Dukes Bourbon Cream Biscuits Combie,Grocery & Gourmet Foods
372,Fortune Rozana Basmati Rice,Grocery & Gourmet Foods
373,Aashirvaad Punjabi Chole Masala,Grocery & Gourmet Foods
374,Taj Mahal Tea Bags,Grocery & Gourmet Foods
375,Mayonnaise  Del Monte Eggless Mayonnaise,Grocery & Gourmet Foods
376,Catch Kitchen King,Grocery & Gourmet Foods
377,Aashirvaad Nature's Super Foods Ragi Flour Pouch,Grocery & Gourmet Foods
378,"Saffola Honey-100% Pure, 1000 gm ",Grocery & Gourmet Foods
379,Puro Healthy Salt,Grocery & Gourmet Foods
380,Rath Vanaspati,Grocery & Gourmet Foods
381,Del Monte Natural Brewed Vinegar,Grocery & Gourmet Foods
382,Everest Masala Powder,Grocery & Gourmet Foods
383,Everest Pav Bhaji Masala,Grocery & Gourmet Foods
384,Kissan Sauce,Grocery & Gourmet Foods
385,24 Mantra Organic Kabuli Chana Organic (White Chick Peas),Grocery & Gourmet Foods
386,Parle 2 in 1 Eclairs,Grocery & Gourmet Foods
387,Soft Drink Mixes  Horlicks Health & Nutrition drink,Grocery & Gourmet Foods
388,Bikano Khatta Mitha,Grocery & Gourmet Foods
389,Brown Sugar  Mawana Premium Brown Sugar,Grocery & Gourmet Foods
390,Fortune Soya Bean Oil,Grocery & Gourmet Foods
391,Long Pasta  Disano Spaghetti Durum Wheat Pasta,Grocery & Gourmet Foods
392,Catch Sprinklers Black Salt,Grocery & Gourmet Foods
393,Haldiram's Patisa,Grocery & Gourmet Foods
394,Tata Sampann Fibre Rich Moong Dal Vada Mix 180g  ,Grocery & Gourmet Foods
395,Glucon D Instant Energy Health Drink Regular,Grocery & Gourmet Foods
396,UNIBIC Oat Meal Cookies,Grocery & Gourmet Foods
397,Funfoods PeanutButter Crunchy,Grocery & Gourmet Foods
398,24 Mantra Organic Roasted Bengalgram Dal,Grocery & Gourmet Foods
399,Fortune Kachi Ghani Mustard Oil,Grocery & Gourmet Foods
400,Brown & Polson Vanilla Custard Powder,Grocery & Gourmet Foods
401,Tata Sampann Dal Tadka Masala,Grocery & Gourmet Foods
402,Happilo Premium Seedless Green Raisins,Grocery & Gourmet Foods
403,Weikfield Cornflour,Grocery & Gourmet Foods
404,Maggi Special Masala Noodles,Grocery & Gourmet Foods
405,Liquid Detergent  Surf Excel Matic Front Load Liquid Detergent Refill Pouch,Grocery & Gourmet Foods
406,Tata Sampann Chicken Masala,Grocery & Gourmet Foods
407,Happilo Premium International Healthy Nutmix,Grocery & Gourmet Foods
408,Sunfeast YiPPee! Pasta Treat | Cheesy and Soft Suji,Grocery & Gourmet Foods
409,Veeba Sweet Chilli Sauce,Grocery & Gourmet Foods
410,Nature Fresh Kachi Ghani Mustard Bottle,Grocery & Gourmet Foods
411,Weikfield Red Chilli Sauce,Grocery & Gourmet Foods
412,Trust Premium Brown Sugar (Mineral Sugar),Grocery & Gourmet Foods
413,Kohinoor Garam Masala E Khaas,Grocery & Gourmet Foods
414,Fortune Rice Bran Health Oil,Grocery & Gourmet Foods
415,Haldiram's Samosa,Grocery & Gourmet Foods
416,Kohinoor Super Value Basmati Rice,Grocery & Gourmet Foods
417,Cup Noodles Veggi Manchow,Grocery & Gourmet Foods
418,ENO Regular Digestive Anatacid 100 gm Jar Pack  ,Grocery & Gourmet Foods
419,Cadbury Bournvita 5 Star Magic Health Drink 500 g refill pack  ,Grocery & Gourmet Foods
420,McVitie's Fruit Cookies with Goodness of Blackcurrant,Grocery & Gourmet Foods
421,Tata Sampann Fibre Rich Idli Mix 180g  ,Grocery & Gourmet Foods
422,Sundrop Heart Oil,Grocery & Gourmet Foods
423,Saffola Salt Plus,Grocery & Gourmet Foods
424,Happilo Premium Turkish Apricots,Grocery & Gourmet Foods
425,Haldiram's Methi Sev,Grocery & Gourmet Foods
426,Kohinoor Jammu Rajma Masala,Grocery & Gourmet Foods
427,Kohinoor Authentic Basmati Biryani Kit,Grocery & Gourmet Foods
428,Veeba Thousand Island Dressing,Grocery & Gourmet Foods
429,Ching's Secret Schezwan Instant Noodles,Grocery & Gourmet Foods
430,Everest Powder,Grocery & Gourmet Foods
431,Cup Noodles Mazedaar Masala,Grocery & Gourmet Foods
432,Sunbean Beaten Caffe,Grocery & Gourmet Foods
433,Bingo! Tedhe Medhe Pulse Mix,Grocery & Gourmet Foods
434,24 Mantra Organic Urad Dal White Split,Grocery & Gourmet Foods
435,Hershey's Spreads Cocoa with Almond,Grocery & Gourmet Foods
436,Pasta & Pizza Sauces  Veeba Pasta and Pizza Sauce,Grocery & Gourmet Foods
437,Kohinoor Tasty Twist Mumbai Chowpatty Multi-Use Seasoning 12g ,Grocery & Gourmet Foods
438,Fortune Hamesha Basmati Rice,Grocery & Gourmet Foods
439,Sundrop Peanut Butter,Grocery & Gourmet Foods
440,Del Monte Pineapple Orange Fruit Drink,Grocery & Gourmet Foods
441,MTR Rava Dosa Breakfast Mix,Grocery & Gourmet Foods
442,Hershey's Chocolate Syrup,Grocery & Gourmet Foods
443,"Bagrrys Crunchy Muesli- Almond, Raisins and Honey, 750g ",Grocery & Gourmet Foods
444,Iced Tea & Lemonade  Nestea Iced Tea Ready to Drink Peach Flavor,Grocery & Gourmet Foods
445,Flax Seed  24 Mantra Organic Flax Seeds,Grocery & Gourmet Foods
446,Kohinoor Punjabi Paneer Butter Masala,Grocery & Gourmet Foods
447,Tata Sampann Organic Chana Dal,Grocery & Gourmet Foods
448,Haldiram's Moong Dal,Grocery & Gourmet Foods
449,MAGGI Fried Rice Masala,Grocery & Gourmet Foods
450,Catch Sprinklers Iodized Table Salt,Grocery & Gourmet Foods
451,Kellogg's Crunchy Granola Almonds and Cranberries | Breakfast Cereals | Multigrain Flakes,Grocery & Gourmet Foods
452,Horlicks Lite,Grocery & Gourmet Foods
453,MTR Ready to Mix Instant Sambar Mix,Grocery & Gourmet Foods
454,24 Mantra Organic Wholewheat Atta Premium,Grocery & Gourmet Foods
455,Pro Nature 100% Organic Raw Peanuts,Grocery & Gourmet Foods
456,Halwa  Aashirvaad Instant Meals Suji Halwa with Jaggery Cup 70g,Grocery & Gourmet Foods
457,Protinex,Grocery & Gourmet Foods
458,Amazon brand,Grocery & Gourmet Foods
459,Happilo Premium International Omani Dates 680g (Value Pack)  ,Grocery & Gourmet Foods
460,Basmati  Daawat Basmati Rice,Grocery & Gourmet Foods
461,24 Mantra Organic Chana (Bengal Gram) dal,Grocery & Gourmet Foods
462,"Nestle CEREGROW Growing Up Multigrain Cereal with Milk and Fruits (From 2-5 Years), 300g Bag-In-Box Pack ",Grocery & Gourmet Foods
463,Rex Baking Powder 500gms  ,Grocery & Gourmet Foods
464,B Natural Dakshin Pink Guava,Grocery & Gourmet Foods
465,Sugarfree Gold Low Calorie Sweetner,Grocery & Gourmet Foods
466,ITC Master Chef Masaledaar Mutton Cooking Paste 80g,Grocery & Gourmet Foods
467,Saffola Masala Oats Peppy Tomato,Grocery & Gourmet Foods
468,Bikano Bikaneri Bhujia,Grocery & Gourmet Foods
469,Fortune Mini Soya chunks,Grocery & Gourmet Foods
470,Sundrop Superlite Advanced Oil,Grocery & Gourmet Foods
471,Protinex Health And Nutritional Drink Mix For Adults with High protein & 10 Immuno Nutrients,Grocery & Gourmet Foods
472,Veeba Chilli Oregano Sauce,Grocery & Gourmet Foods
473,Saffola Total,Grocery & Gourmet Foods
474,"Lizol Disinfectant Surface Cleaner, Citrus",Grocery & Gourmet Foods
475,Pril Dish Washing Liquid,Grocery & Gourmet Foods
476,Chaayos Masala Tea,Grocery & Gourmet Foods
477,Smint Sugar Free Micro Mint,Grocery & Gourmet Foods
478,24 Mantra Organic Jowar (Sorghum) Flour,Grocery & Gourmet Foods
479,Bagrry's Wheat Bran Healthy & High Fibre Box,Grocery & Gourmet Foods
480,Bingo Potato chips Tomato,Grocery & Gourmet Foods
481,Nature Crest Pure Coconut Oil,Grocery & Gourmet Foods
482,Dried Soy Beans  Fortune SOYA Chunks,Grocery & Gourmet Foods
483,Tetley Green Tea Immune with Added Vitamin C,Grocery & Gourmet Foods
484,Hershey's Milk Booster,Grocery & Gourmet Foods
485,Concentrated Syrups & Squash  Hamdard Dawakhana Roohafza Sharbat,Grocery & Gourmet Foods
486,Bingo! Tedhe Medhe Nut Cracker,Grocery & Gourmet Foods
487,"Kellogg's Muesli 0% Added Sugar , Breakfast Cereal",Grocery & Gourmet Foods
488,Protinex Health And Nutritional Drink Mix For Adults with High protein & 10 Immuno Nutrients,Grocery & Gourmet Foods
489,Protinex Health And Nutritional Drink Mix For Adults with High protein & 10 Immuno Nutrients,Grocery & Gourmet Foods
490,Tata Sampann Fibre Rich Dosa Mix 180g  ,Grocery & Gourmet Foods
491,Del Monte Green Apple Fruit Drink,Grocery & Gourmet Foods
492,Maggi Cuppa Mania Chilli Chow Cup Noodles,Grocery & Gourmet Foods
493,Hershey's Spreads Cocoa,Grocery & Gourmet Foods
494,MTR Spice Puliyogare Powder,Grocery & Gourmet Foods
495,Tata Sampann Pakoda Mix,Grocery & Gourmet Foods
496,Fortune Everyday Basmati Rice,Grocery & Gourmet Foods
497,Godrej No.1 Bathing Soap,Grocery & Gourmet Foods
498,Bournvita Little Champ Health Drink Jar,Grocery & Gourmet Foods
499,Kohinoor Mumbai Pav Bhaji Masala,Grocery & Gourmet Foods
500,Happilo Premium Californian Dried and Sweet Sliced Cranberries,Grocery & Gourmet Foods
501,MTR Vada Breakfast Mix,Grocery & Gourmet Foods
502,Haldiram's Hara Chiwda,Grocery & Gourmet Foods
503,Surf Excel Matic Top Load Detergent Washing Powder,Grocery & Gourmet Foods
504,Saffola Masala Oats Veggie Twist,Grocery & Gourmet Foods
505,Veeba Carrot and Cucumber Sandwich Spread,Grocery & Gourmet Foods
506,Mother Dairy Rasgulla 1 KG  ,Grocery & Gourmet Foods
507,Pro Nature 100% Organic Coriander Whole,Grocery & Gourmet Foods
508,Maggi Nestle Cuppa Noodles,Grocery & Gourmet Foods
509,Surf Excel Matic Front Load Detergent Washing Powder,Grocery & Gourmet Foods
510,Veeba Eggless Mayonnaise Chef's Special,Grocery & Gourmet Foods
511,Veeba Sweet Onion Sauce,Grocery & Gourmet Foods
512,Protinex Health And Nutritional Drink Mix For Adults with High protein & 10 Immuno Nutrients,Grocery & Gourmet Foods
513,Organic Tattva Wheat Flour,Grocery & Gourmet Foods
514,Comfort After Wash Fabric Conditioner Pouch (Fabric Softener),Grocery & Gourmet Foods
515,Disano Amla Juice,Grocery & Gourmet Foods
516,Pro Nature 100% Organic Cumin,Grocery & Gourmet Foods
517,ITC Master Chef Butter Chicken Cooking Paste 80g,Grocery & Gourmet Foods
518,24 Mantra Organic Sonamasuri Raw Rice Polished 5kg  ,Grocery & Gourmet Foods
519,Kohinoor Charminar Long Grain Rice,Grocery & Gourmet Foods
520,Everest Tandoori Chicken Masala Powder,Grocery & Gourmet Foods
521,Parle Hide and Seek Black Bourbon,Grocery & Gourmet Foods
522,Paper Boat Aamras,Grocery & Gourmet Foods
523,Catch Dal Makhani Masala,Grocery & Gourmet Foods
524,Himalaya Herbals Purifying Neem Face Wash,Grocery & Gourmet Foods
525,Keya Nawabi Meat Masala Khada Masala,Grocery & Gourmet Foods
526,Fortune Xpert (Vivo) Pro Sugar Conscious Edible Oil,Grocery & Gourmet Foods
527,24 Mantra Organic 7 Grain Multigrain Atta 1Kg  ,Grocery & Gourmet Foods
528,24 Mantra Organic Turmeric/Haldi Powder,Grocery & Gourmet Foods
529,Sunfeast YiPPee! Tricolor Pasta | Cheesy and Soft Suji,Grocery & Gourmet Foods
530,"Nestlé CERELAC Baby Cereal with Milk, Wheat-Rice Mixed Veg – From 10 Months, 300g BIB Pack ",Grocery & Gourmet Foods
531,Kohinoor Kashmiri Meat Masala,Grocery & Gourmet Foods
532,Bagrry's Fruit N Fibre,Grocery & Gourmet Foods
533,B Natural Juice,Grocery & Gourmet Foods
534,"TE-A-ME Apple Cinnamon Herbal Infusion Tea, ICE Tea, Pack of 25 Tea Bags ",Grocery & Gourmet Foods
535,Dry Ginger  Catch Spice Dry Ginger Powder,Grocery & Gourmet Foods
536,Keya Awadhi Raita Masala,Grocery & Gourmet Foods
537,Sunfeast YiPPee! Quik Mealz Veggie Delight,Grocery & Gourmet Foods
538,Protinex Original Health And Nutritional Drink Mix For Adults with High protein & 8 Immuno Nutrients,Grocery & Gourmet Foods
539,Keya Veg Dum Biryani Khada Masala,Grocery & Gourmet Foods
540,Sundrop Superlite Advanced Oil Pouch,Grocery & Gourmet Foods
541,NESCAFÉ Latté Instant Coffee Premix,Grocery & Gourmet Foods
542,24 Mantra Organic Sulphurless Sugar,Grocery & Gourmet Foods
543,Haldiram's Shahi Mixture,Grocery & Gourmet Foods
544,Charminar Everymeal Mogra Basmati Rice 10kg | Broken Rice  ,Grocery & Gourmet Foods
545,"MAGGI 2-Minute Special Masala Instant Noodles, 280g(Pack of 4) ",Grocery & Gourmet Foods
546,Dukes Dark Waffy Premium Vanilla Flavoured Choco Waffers,Grocery & Gourmet Foods
547,Keya Chinese Seasoning,Grocery & Gourmet Foods
548,DiSano California Pistachio (Pista),Grocery & Gourmet Foods
549,Cup Noodles Spiced Chicken,Grocery & Gourmet Foods
550,Apis Himalaya Honey PET Bottle,Grocery & Gourmet Foods
551,Del Monte Extra Virgin Olive Oil PET,Grocery & Gourmet Foods
552,Funfoods American Mustard,Grocery & Gourmet Foods
553,MTR 3 Minute Breakfast Khatta Meetha Poha Cup,Grocery & Gourmet Foods
554,Kari Kari Chilli Garlic,Grocery & Gourmet Foods
555,Bru Gold Instant Coffee,Grocery & Gourmet Foods
556,Skrubble High Action Dishwasher with Free Scrub Pad,Grocery & Gourmet Foods
557,Kohinoor Amritsari Tandoori Chicken Masala,Grocery & Gourmet Foods
558,Weikfield Sweet Chilli Sauce,Grocery & Gourmet Foods
559,Saffola Total,Grocery & Gourmet Foods
560,Comfort After Wash Lily Fresh Fabric Conditioner (Fabric Softener),Grocery & Gourmet Foods
561,Patanjali Fortified Rice Bran Oil,Grocery & Gourmet Foods
562,Nestlé CERELAC Baby Cereal with Milk,Grocery & Gourmet Foods
563,Wagh Bakri Masala Tea,Grocery & Gourmet Foods
564,Disano Peanut butter creamy,Grocery & Gourmet Foods
565,MTR Instant Badam Drink Mix,Grocery & Gourmet Foods
566,Kitchens of India Ready to Eat Gravy,Grocery & Gourmet Foods
567,Cup Noodles Italiano,Grocery & Gourmet Foods
568,Hershey's Caramel Syrup,Grocery & Gourmet Foods
569,24 Mantra Organic Chilli Powder,Grocery & Gourmet Foods
570,MTR Instant Badam Drink Mix,Grocery & Gourmet Foods
571,Kitchens of India Ready to Eat Gravy,Grocery & Gourmet Foods
572,Cup Noodles Italiano,Grocery & Gourmet Foods
573,Hershey's Caramel Syrup,Grocery & Gourmet Foods
574,24 Mantra Organic Chilli Powder,Grocery & Gourmet Foods
575,Kitchens of India Yellow Dal Tadka,Grocery & Gourmet Foods
576,Nescafe Sunrise Extra Sachet,Grocery & Gourmet Foods
577,Act II Microwave Popcorn Butter,Grocery & Gourmet Foods
578,Fortune Superfood Khichdi 600g Combo (Bengali,Grocery & Gourmet Foods
579,Keya Shahi Chicken Masala Khada Masala,Grocery & Gourmet Foods
580,Pro Nature 100% Organic Saffron 0.5g  ,Grocery & Gourmet Foods
581,Nestlé LACTOGEN 1 Infant Formula Powder,Grocery & Gourmet Foods
582,Weikfield Strawberry Falooda Mix,Grocery & Gourmet Foods
583,Keya Malabar Black Pepper Powder,Grocery & Gourmet Foods
584,Del Monte Green Pitted Olive,Grocery & Gourmet Foods
585,ACT II Popcorn MWPC,Grocery & Gourmet Foods
586,Disano Aloe Vera Juice,Grocery & Gourmet Foods
587,Cinthol Original Bath Soap – 99.9% Germ Protection,Grocery & Gourmet Foods
588,24 Mantra Organic Sonamasuri Brown Rice,Grocery & Gourmet Foods
589,"TE-A-ME Kashmiri Kahwa Green Tea, 25 Tea Bags ",Grocery & Gourmet Foods
590,24 Mantra Organic Pressed Groundnut/Peanut Oil,Grocery & Gourmet Foods
591,Barbecue Sauce  Veeba Barbeque Sauce,Grocery & Gourmet Foods
592,Everest Dry Ginger Powder,Grocery & Gourmet Foods
593,Coco Soul Cold Pressed Natural Virgin Coconut Oil,Grocery & Gourmet Foods
594,Bagrrys Fruit and Nut Muesli with Cranberries,Grocery & Gourmet Foods
595,Mayo 1kg  ,Grocery & Gourmet Foods
596,Lipton Pure & Light Green Tea,Grocery & Gourmet Foods
597,Nestle Nesplus Crunchy Flakes: Corn and Oats,Grocery & Gourmet Foods
598,Lipton Pure & Light Green Tea Bags,Grocery & Gourmet Foods
599,Pro Nature 100% Organic Channa Dal,Grocery & Gourmet Foods
600,Dr Oetker Funfoods Mayo Classic 245g  ,Grocery & Gourmet Foods
601,Keya Nutmeg Powder,Grocery & Gourmet Foods
602,Devaaya Biryani Basmati Rice,Grocery & Gourmet Foods
603,Happilo Premium International Salted Party Mix,Grocery & Gourmet Foods
604,Kohinoor Rajma Masala,Grocery & Gourmet Foods
605,Uttam Sugar Liquid Sugar,Grocery & Gourmet Foods
606,Pediasure 7Plus Vanilla 400 GM BIB  ,Grocery & Gourmet Foods
607,Unibic Cookies-Choco Nut Cookies 500g ,Grocery & Gourmet Foods
608,Kellogg's Muesli 22% Fruit Magic,Grocery & Gourmet Foods
609,Tetley Flavour Tea Bags Earlgray 50s (100gm)  ,Grocery & Gourmet Foods
610,Kellogg's Original Special K,Grocery & Gourmet Foods
611,"Kellogg's Muesli 20% Nuts Delight , Breakfast Cereal",Grocery & Gourmet Foods
612,Nestle Koko Krunch Breakfast Cereal,Grocery & Gourmet Foods
613,Organic Tattva Urad Dal Whole White,Grocery & Gourmet Foods
614,"Soulfull Ragi Bites- Choco Poco, No Maida- 1.2kg ",Grocery & Gourmet Foods
615,Daawat Traditional Basmati Rice,Grocery & Gourmet Foods
616,Keya Basil,Grocery & Gourmet Foods
617,Weikfield Pasta Fusilli 400 g  ,Grocery & Gourmet Foods
618,Weikfield Kesar Pista Falooda Mix 200g  ,Grocery & Gourmet Foods
619,Act II Microwave Popcorn Butter Lovers,Grocery & Gourmet Foods
620,Bagrry's No Added Sugar Crunchy Muesli,Grocery & Gourmet Foods
621,Veeba Sriracha Sauce,Grocery & Gourmet Foods
622,Sundrop Superlite Advanced Oil,Grocery & Gourmet Foods
623,Tilda Pure Original Basmati Rice,Grocery & Gourmet Foods
624,Nestle LACTOGEN 2 Follow-Up Formula Powder,Grocery & Gourmet Foods
625,Keya Pasta Masala,Grocery & Gourmet Foods
626,Leonardo Extra Virgin Olive Oil,Grocery & Gourmet Foods
627,Kitchens of India,Grocery & Gourmet Foods
628,Bagrry's Crunchy Muesli,Grocery & Gourmet Foods
629,"Dabur Chyawanprash – 2x Immunity -1 Kg & Honey 100% Pure World's No.1 Honey Brand with No Sugar Adulteration, Squeezy Pack",Grocery & Gourmet Foods
630,4700BC Instant Popcorn,Grocery & Gourmet Foods
631,Nestle Koko Krunch Breakfast Cereal,Grocery & Gourmet Foods
632,Sunfeast Yippee! Pasta Treat Masala,Grocery & Gourmet Foods
633,Organic Tattva Sona Masuri Rice White Polished,Grocery & Gourmet Foods
634,Nestlé CERELAC Baby Cereal with Milk,Grocery & Gourmet Foods
635,Del Monte Penne Pasta Whole Wheat (Imported),Grocery & Gourmet Foods
636,Sundrop Superlite Advanced Oil,Grocery & Gourmet Foods
637,"VAHDAM, Organic Turmeric Tea Bags with Natural Spices",Grocery & Gourmet Foods
638,ONLYLEAF Chamomile Green Tea,Grocery & Gourmet Foods
639,Dabur Lal Tail,Grocery & Gourmet Foods
640,Complan Refill,Grocery & Gourmet Foods
641,Paper Boat Guava Fruit Juice,Grocery & Gourmet Foods
642,Nestle NAN PRO 3 Follow-up Formula Powder,Grocery & Gourmet Foods
643,Trust Premium Icing Sugar,Grocery & Gourmet Foods
644,Fortune Biryani Classic,Grocery & Gourmet Foods
645,Organic Tattva Ragi Whole,Grocery & Gourmet Foods
646,"Nestle Nangrow Nutritious Milk Drink (2-5 years), Creamy Vanilla, 400g ",Grocery & Gourmet Foods
647,Syclone Matic Liquid Detergent Top Load,Grocery & Gourmet Foods
648,Del Monte Spaghetti Whole Wheat Pasta (Imported),Grocery & Gourmet Foods
649,Organic Tattva Sona Masuri Hand Pounded,Grocery & Gourmet Foods
650,Uttam Sugar Icing Sugar,Grocery & Gourmet Foods
651,Resource Diabetic Food for The Dietary Management of Individuals with Diabetes,Grocery & Gourmet Foods
652,Kari Kari Salt and Pepper,Grocery & Gourmet Foods
653,NIVEA Men Body Wash,Grocery & Gourmet Foods
654,Hershey's Strawberry Syrup,Grocery & Gourmet Foods
655,Sunbean Gourmet Coffee Panagiri – Roasted & Ground Coffee Powder – 100g  ,Grocery & Gourmet Foods
656,Kohinoor Super Silver Authentic Basmati Rice,Grocery & Gourmet Foods
657,Del Monte Spirali Pasta Whole Wheat (Imported),Grocery & Gourmet Foods
658,Fortune Xpert (Vivo)Pro Sugar Conscious Edible Oil,Grocery & Gourmet Foods
659,Keya Coastal Fish Masala,Grocery & Gourmet Foods
660,Disano Extra Virgin Olive Oil,Grocery & Gourmet Foods
661,Organic Tattva Ragi Flour,Grocery & Gourmet Foods
662,Dettol Liquid Handwash Skincare,Health & Personal Care
663,Happilo 100% Natural Premium Californian Almonds 500g,Health & Personal Care
664,Dabur Hommade Tamarind Paste,Health & Personal Care
665,Santoor Sandalwood and Almond milk Organic Soft Bath Soap for Softer,Health & Personal Care
666,Almonds  Amazon Brand,Health & Personal Care
667,Bacto-V Toilet Seat Sanitizer- Combo Pack ,Health & Personal Care
668,"Godrej aer Pocket, Bathroom Air Fragrance",Health & Personal Care
669,"Saffola Arogyam Chyawanamrut includes Chyawanprash, haldi & Ayushkwath Kadha ingredients",Health & Personal Care
670,Dishwashing Bars  Exo Dishwash Bar,Health & Personal Care
671,Santoor Sandalwood and Turmeric Bath Soap for Younger Looking and Glowing Skin Combo Offer,Health & Personal Care
672,"Closeup Everfresh+ Anti-Germ Gel Toothpaste Red Hot, Save Rs. 20, 2x150 g ",Health & Personal Care
673,Good Knight Power Activ+ Refill,Health & Personal Care
674,Manual Toothbrushes  Colgate ZigZag Toothbrush,Health & Personal Care
675,Horlicks Women's Plus Caramel Jar,Health & Personal Care
676,Vanish All in One Detergent Boosting Add-on Liquid and stain remover,Health & Personal Care
677,Tata Agni Leaf Tea,Health & Personal Care
678,Borges Penne Rigate Durum Wheat Pasta,Health & Personal Care
679,Exo Dishwash Bar,Health & Personal Care
680,Happilo 100% Natural Premium Whole Cashews 500g,Health & Personal Care
681,Vedaka Popular Cashews,Health & Personal Care
682,"Lizol Disinfectant Surface & Floor Cleaner Liquid, Floral",Health & Personal Care
683,Santoor Aloe Fresh Soap with Aloe Vera and Lime,Health & Personal Care
684,Horlicks Health & Nutrition drink,Health & Personal Care
685,Surf Excel Matic Top Load Liquid,Health & Personal Care
686,Toothpastes  Colgate Strong Teeth Anticavity Toothpaste with Amino Shakti,Health & Personal Care
687,D.K Cleaners Kapoor Flavor White Phenyl Concentrate Floor Cleaners,Health & Personal Care
688,Dried Cranberries  Vedaka Premium Whole Dried Cranberries,Health & Personal Care
689,Red Label Natural Care Tea,Health & Personal Care
690,Presto! Toilet Cleaner,Health & Personal Care
691,Bournvita 5 Star Magic Health Drink,Health & Personal Care
692,Vedaka Whole Cardamom (Elaichi),Health & Personal Care
693,Knorr Chinese Hot and Sour Veg Soup,Health & Personal Care
694,Surf Excel Detergent Bar,Health & Personal Care
695,HARIBAS Chatpati Pachak Tablet Tasty Ayurvedic Digestive Healthy Goli,Health & Personal Care
696,Soft Drink Mixes  Horlicks Health & Nutrition drink,Health & Personal Care
697,Del Monte Natural Brewed Vinegar,Health & Personal Care
698,Comfort After Wash Morning Fresh Fabric Conditioner (Fabric Softener),Health & Personal Care
699,Mayonnaise  Del Monte Eggless Mayonnaise,Health & Personal Care
700,Apple Cider Vinegar  WOW Organic Raw Apple Cider Vinegar,Health & Personal Care
701,Harpic White and Shine Disinfectant Toilet Cleaner Bleach,Health & Personal Care
702,"Lifebuoy Total 10 Active Silver Formula-Germ Protection Handwash Refill, 1.5 L ",Health & Personal Care
703,Harpic White and Shine Disinfectant Toilet Cleaner Bleach,Health & Personal Care
704,"Lifebuoy Total 10 Active Silver Formula-Germ Protection Handwash Refill, 1.5 L ",Health & Personal Care
705,Godrej Protekt Masterchef’s Germ Protection Liquid Handwash Refill,Health & Personal Care
706,Parle 2 in 1 Eclairs,Health & Personal Care
707,Soaps  Dettol Original Germ Protection Bathing Soap bar,Health & Personal Care
708,"Harpic Disinfectant Bathroom Cleaner Liquid, Lemon",Health & Personal Care
709,Genteel Liquid Detergent,Health & Personal Care
710,L'Oreal Paris Total Repair 5 Shampoo 704ml Combo with Conditioner,Health & Personal Care
711,"Good Knight Naturals Neem Mosquito Repellent with 100% Natural Active Ingredients (Safe for Kids and Adults), Combo Pack",Health & Personal Care
712,Oral-B Soft Sensitive Whitening Toothbrush,Health & Personal Care
713,Fiama Gel Bar,Health & Personal Care
714,Liquid Detergent  Surf Excel Matic Front Load Liquid Detergent Refill Pouch,Health & Personal Care
715,"Colgate Max Fresh, Spicy Fresh Red Gel Toothpaste",Health & Personal Care
716,Sanifresh Ultrashine Toilet Cleaner -1.5X Extra Strong Extra Clean -500 ML( Buy 2 Get 1 free) ,Health & Personal Care
717,"Lizol Disinfectant Surface & Floor Cleaner Liquid, Floral",Health & Personal Care
718,Clinic Plus Strong & Long Shampoo,Health & Personal Care
719,Tata Tea Gold,Health & Personal Care
720,Colgate Active Salt Toothpaste,Health & Personal Care
721,Godrej No.1 Bathing Soap,Health & Personal Care
722,Pril Dish Wash Bar,Health & Personal Care
723,Himalaya Neem and Turmeric Soap,Health & Personal Care
724,Mr. White Detergent Powder,Health & Personal Care
725,Real Fruit Juice,Health & Personal Care
726,Dabur Red Paste,Health & Personal Care
727,Savlon Moisture Shield Germ Protection Liquid Handwash Refill Pouch,Health & Personal Care
728,"Boost Health, Energy & Sports Nutrition drink",Health & Personal Care
729,BETALA FRAGRANCE® DHOOP STICKS CHANDAN ( SANDAL ) (200 GM batti) with dhoop stand holder in box. Best dhoop sticks for pooja fragrance and mediation use. |dhoop batti sticks| |dhup batti||dhoop bati| |dhoop cones pack| | agarbatti pantry | |dhupbati||dhoop sticks||dhoop stick| (CHANDAN)  ,Health & Personal Care
730,Parachute Advansed Body Lotion Soft Touch,Health & Personal Care
731,Cadbury Bournvita 5 Star Magic Health Drink 500 g refill pack  ,Health & Personal Care
732,Red Label Brooke Bond Tea,Health & Personal Care
733,Parachute Advansed Aloe Vera Enriched Coconut Hair Oil,Health & Personal Care
734,ENO Regular Digestive Anatacid 100 gm Jar Pack  ,Health & Personal Care
735,Sanifresh Ultrashine Toilet Cleaner -1.5 X Extra Strong Extra Clean,Health & Personal Care
736,Cinthol Lime Soap,Health & Personal Care
737,Happilo Premium Turkish Apricots,Health & Personal Care
738,EMAMI EMASOL Disinfectant Toilet Cleaner,Health & Personal Care
739,Bournvita Health Drink Pouch,Health & Personal Care
740,Surf Excel Quick Wash Detergent Powder 1 kg  ,Health & Personal Care
741,Colgate ZigZag Toothbrush,Health & Personal Care
742,Sweet n Healthy Low Calorie Sweetner (Sugar Substitute) Aspartame Tablets,Health & Personal Care
743,Brooke Bond Red Label Tea,Health & Personal Care
744,Dabur Red Paste,Health & Personal Care
745,Handwashing & Delicates Detergent  Dettol Liquid Hand wash Refill Original -1500 ml ,Health & Personal Care
746,"Dabur Vatika Health Shampoo, with Henna & Amla for Problem Free Hair",Health & Personal Care
747,"Lizol Disinfectant Surface & Floor Cleaner Liquid, Floral",Health & Personal Care
748,Homelites Safety Extra Long Matchbox,Health & Personal Care
749,Vim Dishwash Liquid Gel Lemon,Health & Personal Care
750,Diabetes Care  Sugar Free Gold Pellets,Health & Personal Care
751,ALROZA™ Tile Cleaning/Floor Cleaning Brush with Sponge Scrub Pad & Handle Kitchen Utensil,Health & Personal Care
752,Dettol Liquid Disinfectant Cleaner for Home,Health & Personal Care
753,Protinex,Health & Personal Care
754,"KeepSafe by Marico Multi Purpose Disinfectant Spray 90 ml, Effective Against Virus, Bacteria & Fungi, 84% Alcohol Based Surface Disinfectant Spray,Travel-friendly pack ",Health & Personal Care
755,Rexona Coconut and Olive Oil Soap,Health & Personal Care
756,Godrej Ezee Liquid Detergent,Health & Personal Care
757,Duracell Ultra Alkaline AA Battery,Health & Personal Care
758,Dabur Almond Hair Oil,Health & Personal Care
759,Quaker Oats Pouch,Health & Personal Care
760,Happilo Premium Iranian Roasted and Salted Pistachios,Health & Personal Care
761,Domex Fresh Guard Ocean Fresh Disinfectant Liquid Toilet Cleaner,Health & Personal Care
762,"Dettol pH-Balanced Liquid Handwash Refill, Skincare- 1500 ml (Price Off) ",Health & Personal Care
763,Dabur Chyawanprash,Health & Personal Care
764,Protinex Health And Nutritional Drink Mix For Adults with High protein & 10 Immuno Nutrients,Health & Personal Care
765,Dabur Chyawanprash,Health & Personal Care
766,Protinex Health And Nutritional Drink Mix For Adults with High protein & 10 Immuno Nutrients,Health & Personal Care
767,Mr. Merchant Tutti Frutti (Papaya Cherries) Fresh Chery Candies for Cakes,Health & Personal Care
768,Skrubble High Action Dishwash Liquid Bottle,Health & Personal Care
769,Skinbeing Blueberry Daily Refreshing Showergel,Health & Personal Care
770,Soulfull Ragi Bites,Health & Personal Care
771,Cooking Pastes  Dabur Hommade Coconut Milk- Goodness of 2 Creamy Coconuts-200 ml ,Health & Personal Care
772,Tata Tea Premium,Health & Personal Care
773,Savlon Moisture Shield Handwash,Health & Personal Care
774,Scotch-Brite Stainless Steel Scrub,Health & Personal Care
775,Sanifresh Ultrashine Toilet Cleaner -1.5 X Extra Strong Extra Clean,Health & Personal Care
776,Pears Soft & Fresh Bathing Bar Soap with 98% Pure Glycerine & Mint Extracts For Fresh Glow 125g (Pack of 4)  125 gram (Pack of ,Health & Personal Care
777,Vanish All in One Detergent Boosting Add-on Powder and stain remover,Health & Personal Care
778,Horlicks Lite,Health & Personal Care
779,Flax Seed  24 Mantra Organic Flax Seeds,Health & Personal Care
780,NIVEA Body Lotion for Very Dry Skin,Health & Personal Care
781,Tide Ultra 3 in 1 Clean Detergent Washing Powder,Health & Personal Care
782,Happilo Premium International Omani Dates 680g (Value Pack)  ,Health & Personal Care
783,Cashews  Amazon Brand,Health & Personal Care
784,"Surf Excel Matic Front Load Liquid Detergent Refill Pouch -Super Saver Pack Designed For 100% Tough Stain Removal In Front load Machines, 2 L ",Health & Personal Care
785,"Nestle CEREGROW Growing Up Multigrain Cereal with Milk and Fruits (From 2-5 Years), 300g Bag-In-Box Pack ",Health & Personal Care
786,Lifebuoy Total 10 Active Silver Formula-Germ Protection Handwash Refill 750ml (Pack of 2) ,Health & Personal Care
787,Pediasure 7+ Specialized Nutrition Drink Powder for Growing Children Chocolate Flavour 400 gm  ,Health & Personal Care
788,Nestlé CERELAC Baby Cereal with Milk,Health & Personal Care
789,Protinex Health And Nutritional Drink Mix For Adults with High protein & 10 Immuno Nutrients,Health & Personal Care
790,Surf Excel Easy Wash Detergent Powder,Health & Personal Care
791,Savlon Herbal Sensitive pH balanced Liquid Handwash Refill Pouch,Health & Personal Care
792,Himalaya Neem and Turmeric Soap,Health & Personal Care
793,Medimix Ayurvedic Classic 18 Herbs Soap,Health & Personal Care
794,Sanifresh Ultrashine 1L (500 + 500) Toilet Cleaner -1.5X Extra Strong Extra Clean with Odonil Room Freshner Blocks 50 g Free ,Health & Personal Care
795,"KeepSafe Instant Hand Sanitizer, Instantly Kills 99.99% Germs without Water, 72% Alcohol Based Sanitizer, Non-Sticky, Skin-Friendly, Travel-Pack, 100 ml ",Health & Personal Care
796,Pepsodent 2 in 1 Toothpaste,Health & Personal Care
797,Stayfree Secure Extra Large Cottony Soft Cover Sanitary Pads For Women With Wings,Health & Personal Care
798,Oral B Pro Health Gum Care Toothbrush soft Buy 2 Get 2 Free  ,Health & Personal Care
799,Red Label Natural Care Tea,Health & Personal Care
800,Brooke Bond Red Label Natural Care Tea,Health & Personal Care
801,Nimyle Herbal Floor Cleaner,Health & Personal Care
802,Parachute 100% Pure Coconut Oil,Health & Personal Care
803,Mangaldeep Lo Smoke Incense Sticks,Health & Personal Care
804,Pril Dish Wash Bar,Health & Personal Care
805,Happilo Premium Californian Roasted & Salted Pistachios 500g,Health & Personal Care
806,Good Knight Power Activ+,Health & Personal Care
807,Complan Refill,Health & Personal Care
808,Parachute Advansed Jasmine,Health & Personal Care
809,The Farm Basket Dried Sweet Amla Candy (No Sugar Layer) 200g  ,Health & Personal Care
810,"Harpic Disinfectant Toilet Cleaner Liquid, Orange",Health & Personal Care
811,Dettol Original Germ Protection Bathing Soap bar,Health & Personal Care
812,UpCrop Premium W320 Cashew 500 grams  ,Health & Personal Care
813,Santoor Classic Gentle Hand Wash,Health & Personal Care
814,Crackers & Salt Biscuits  Parle Rusk,Snack Foods
815,Cookies  Dark Fantasy Choco Fills,Snack Foods
816,Sunfeast Mom's Magic Cashew and Almond,Snack Foods
817,Sunfeast Farmlite Active Oats with Almonds Biscuits,Snack Foods
818,Parle Marie Light & Crispy,Snack Foods
819,Sunfeast Dark Fantasy Coffee Fills,Snack Foods
820,Sunfeast Dark Fantasy Choco Fills plus Coffee Fills Combo 75g (Buy 3 Get 1 Free)  ,Snack Foods
821,Sunfeast Marie Light Active 120g (Buy 4 Get 1 Free)  ,Snack Foods
822,Dukes Nibbles,Snack Foods
823,Sandwich Cookies  Cadbury Oreo Original Chocolatey Sandwich Biscuits with Vanilla Creme,Snack Foods
824,Digestive Biscuits  Sunfeast Farmlite Digestive High Fibre Biscuits,Snack Foods
825,Sunfeast Biscuits,Snack Foods
826,Butter Cookies  Unibic Cashew Badam Cookies,Snack Foods
827,Sunfeast Farmlite Digestive All Good,Snack Foods
828,McVities Digestive Biscuits,Snack Foods
829,"Unibic Cookies -Milk Cookies, 500g ",Snack Foods
830,DukesWaffy Biscuits Strawberry,Snack Foods
831,Cadbury Oreo Choco Crème Biscuit Family Pack,Snack Foods
832,Parle Monaco Cheeselings,Snack Foods
833,DukesCream 4 Fun Biscuits Combie,Snack Foods
834,Sunfeast Dark Fantasy Choco Fills,Snack Foods
835,Sunfeast Farmlite Digestive Oats with Raisins Biscuits,Snack Foods
836,Cadbury Bournvita Biscuits Pro Health Vitamins Chocolate,Snack Foods
837,Parle Hide and Seek Choco Rolls,Snack Foods
838,DukesWaffy Biscuits Strawberry,Snack Foods
839,Parle Monaco Cheeselings,Snack Foods
840,Parle Hide and Seek Choco Rolls,Snack Foods
841,Unibic Fruit & Nut Cookies,Snack Foods
842,Sunfeast Mom'S Magic Cashew And Almond Cookie,Snack Foods
843,Mcvities Digestive Biscuits,Snack Foods
844,Dukes Waffy Biscuits Pineapple,Snack Foods
845,Cadbury Oreo Dipped Chocolate Cookie,Snack Foods
846,Lotte Choco Pie,Snack Foods
847,Sunfeast Mom's Magic Cashew and Almonds,Snack Foods
848,McVitie's Oat Cookies with Goodness of Oats & Honey,Snack Foods
849,UNIBIC Oat Meal Cookies,Snack Foods
850,McVitie's Ginger Cookies with Goodness of Ginger,Snack Foods
851,UNIBIC Choco Chip Cookies,Snack Foods
852,McVitie's Bourbon,Snack Foods
853,McVitie's Fruit Cookies with Goodness of Blackcurrant,Snack Foods
854,Parle Milano Centre Filled,Snack Foods
855,Sunfeast Dark Fantasy Choco Crème,Snack Foods
856,Parle Hide and Seek Black Bourbon,Snack Foods
857,Dukes Dark Waffy Premium Vanilla Flavoured Choco Waffers,Snack Foods
858,Unibic Cookies-Choco Nut Cookies 500g ,Snack Foods
859,Sunfeast Dark Fantasy Choco Crème,Snack Foods
860,Soft Drink Mixes  Horlicks Health & Nutrition drink,"Coffee, Tea & Beverages"
861,Coconut Water  Real Activ 100% Tender Coconut Water with No Added Sugar or Preservatives -200ml (Pack of 6) ,"Coffee, Tea & Beverages"
862,Red Label Natural Care Tea,"Coffee, Tea & Beverages"
863,Coca Cola 300ml (Pack of 6)  ,"Coffee, Tea & Beverages"
864,Bournvita Little Champ Health Drink Jar,"Coffee, Tea & Beverages"
865,Tata Tea Gold,"Coffee, Tea & Beverages"
866,NESCAFÉ Sunrise Instant Coffee,"Coffee, Tea & Beverages"
867,Brooke Bond Red Label Tea Leaf Carton,"Coffee, Tea & Beverages"
868,"Nescafe Hazelnut, Ready-To-Drink Cold Coffee, 180ml Tetra Pack ","Coffee, Tea & Beverages"
869,Hot Chocolate & Malted Drinks  Cadbury Hot Chocolate Drink Powder Mix,"Coffee, Tea & Beverages"
870,Taj Mahal Tea with Long Leaves,"Coffee, Tea & Beverages"
871,B Natural Nagpur Orange Juice,"Coffee, Tea & Beverages"
872,Tetley Flavour Tea Bags Masala 50s (100gm)  ,"Coffee, Tea & Beverages"
873,Amirthaa Dairy Whitener 500g  ,"Coffee, Tea & Beverages"
874,Tata Tea Tulsi Green Pouch,"Coffee, Tea & Beverages"
875,Taj Mahal Tea with Long Leaves,"Coffee, Tea & Beverages"
876,Tata Tea,"Coffee, Tea & Beverages"
877,Horlicks Health & Nutrition drink,"Coffee, Tea & Beverages"
878,Nescafé Classic Coffee,"Coffee, Tea & Beverages"
879,Glucon D Instant Energy Health Drink Nimbu Pani,"Coffee, Tea & Beverages"
880,BRU Instant Coffee Powder,"Coffee, Tea & Beverages"
881,Disano Amla Juice,"Coffee, Tea & Beverages"
882,Del Monte Green Apple Fruit Drink,"Coffee, Tea & Beverages"
883,Paper Boat Aamras,"Coffee, Tea & Beverages"
884,Paper Boat Aamras,"Coffee, Tea & Beverages"
885,B Natural Juice,"Coffee, Tea & Beverages"
886,Taj Mahal Tea with Long Leaves,"Coffee, Tea & Beverages"
887,"TE-A-ME Apple Cinnamon Herbal Infusion Tea, ICE Tea, Pack of 25 Tea Bags ","Coffee, Tea & Beverages"
888,Tata Tea Agni,"Coffee, Tea & Beverages"
889,Protinex Original Health And Nutritional Drink Mix For Adults with High protein & 8 Immuno Nutrients,"Coffee, Tea & Beverages"
890,NESCAFÉ Latté Instant Coffee Premix,"Coffee, Tea & Beverages"
891,"Octavius Cinnamon Anise Green Tea, Strong Immunity Blend with Antioxidants of Green Tea","Coffee, Tea & Beverages"
892,Farmer Fresh Pure & Premium 500 Gram Pack of 2 Skimmed Milk Powder | No Added Preservatives | Sugar Free | Perfect for Tea & Coffee |  ,"Coffee, Tea & Beverages"
893,Vedaka Assam Tea,"Coffee, Tea & Beverages"
894,Chaayos Masala Tea,"Coffee, Tea & Beverages"
895,Nestle Everyday Dairy Whitener,"Coffee, Tea & Beverages"
896,Revive Beetroot Carrot Mix Juice I Everyday Detox Juice I Ready to Drink [ Couple Pack of 2 Cans ] 200 ml Each  ,"Coffee, Tea & Beverages"
897,Real Fruit Power Guava,"Coffee, Tea & Beverages"
898,Brooke Bond 3 Roses Dust Tea,"Coffee, Tea & Beverages"
899,Del Monte Four Season Mixed Fruit Drink,"Coffee, Tea & Beverages"
900,"Nescafe Sunrise Rich Aroma Instant Coffee-Chicory Mix, 100g Pouch ","Coffee, Tea & Beverages"
901,Tang Orange Instant Drink Mix,"Coffee, Tea & Beverages"
902,Society Leaf Tea,"Coffee, Tea & Beverages"
903,Natureland Organics Triphala Powder 100 Gm,"Coffee, Tea & Beverages"
904,PediaSure Health & Nutrition Drink Powder for Kids Growth,"Coffee, Tea & Beverages"
905,Real Gold Select Black Tea with Darjeeling Tea Leaves Square Container 500g  ,"Coffee, Tea & Beverages"
906,Rasna Fruit Plus Mixed Fruit,"Coffee, Tea & Beverages"
907,Wagh Bakri Leaf Tea Poly Pack,"Coffee, Tea & Beverages"
908,Vim Dishwash Bar, Household Supplies
909,Dishwash Liquids & Gels  Vim Dishwash Gel, Household Supplies
910,Dishwashing Bars  Exo Dishwash Bar, Household Supplies
911,Scrubs & Sponges  Scotch-Brite Scrub Pad (Regular), Household Supplies
912,Exo Dishwash Bar, Household Supplies
913,ScotchBrite Stainless Steel and Scrub Pad combo 1 Steel Scrubbers (15g) + 2 Scrub pads.  , Household Supplies
914,Dishwasher Detergent  Vim Anti Smell Bar, Household Supplies
915,Pril Dish Wash Bar, Household Supplies
916,Skrubble High Action Dishwash Liquid Bottle, Household Supplies
917,Pril Dishwash Speckles, Household Supplies
918,Pril Dish Washing Liquid, Household Supplies
919,Pril Dish Wash Bar, Household Supplies
920,Vim Dishwash Liquid Gel Lemon, Household Supplies
921,Pril Perfect Active Lime Grease Fighter, Household Supplies
922,Giffy Lemon & Active Salt Concentrated Dish Wash Gel by Wipro, Household Supplies
923,Skrubble High Action Dishwash Liquid, Household Supplies
924,Pril Kraft Dish Washing Liquid, Household Supplies
925,Skrubble High Action Dishwasher with Free Scrub Pad, Household Supplies
926,Spark Clean FastAction Formula Dishwash Liquid, Household Supplies
927,Skrubble Dishwasher Rinse Aid, Household Supplies
928,"Finish Dishwasher Rinse Aid, Shine & Dry- 400 ml ", Household Supplies
929,"Finish Dishwasher Rinse Aid, Shine & Dry- 400 ml ", Household Supplies
930,Giffy Green Lime & Active Salt Concentrated Dish Wash Gel by Wipro, Household Supplies
931,Finish Dishwasher 'All in 1 Max Powerball', Household Supplies
932,Skrubble Dishwasher Tablet, Household Supplies
933,Skrubble Dishwasher Salt, Household Supplies
934,Scotch-Brite Round Toilet Brush with Holder , Household Supplies
935,Pril Dishwash 500ml (Green) Pack of 3  , Household Supplies
936,Gala 145490 Refill (Multicolour)  , Household Supplies
937,Pro Nature 100% Organic Coriander Whole,Spices & Masalas
938,Everest Tandoori Chicken Masala Powder,Spices & Masalas
939,Pro Nature 100% Organic Cumin,Spices & Masalas
940,Catch Dal Makhani Masala,Spices & Masalas
941,Keya Nawabi Meat Masala Khada Masala,Spices & Masalas
942,24 Mantra Organic Turmeric/Haldi Powder,Spices & Masalas
943,Kohinoor Kashmiri Meat Masala,Spices & Masalas
944,Dry Ginger  Catch Spice Dry Ginger Powder,Spices & Masalas
945,Keya Awadhi Raita Masala,Spices & Masalas
946,Keya Veg Dum Biryani Khada Masala,Spices & Masalas
947,Keya Piri Piri,Spices & Masalas
948,MTR Ready to Eat Paneer Butter Masala,Spices & Masalas
949,Everest Tandoori Chicken Masala,Spices & Masalas
950,Aashirvaad Powder,Spices & Masalas
951,Keya Delhi Paneer Butter Massala Khada Masala,Spices & Masalas
952,Kohinoor Punjabi Butter Chicken Masala,Spices & Masalas
953,Pro Nature 100% Organic Clove,Spices & Masalas
954,24 Mantra Organic White Sesame Seed,Spices & Masalas
955,Keya Awadhi Kadhai Masala Khada Masala,Spices & Masalas
956,ITC Master Chef Hyderabadi Biryani Cooking Paste 80g,Spices & Masalas
957,"MAGGI Paneer-ae-Magic, Kadhai Paneer Masala, 60G Pouch (5 Sachets) | Restaurant Style ",Spices & Masalas
958,Keya Chinese Seasoning,Spices & Masalas
959,Kohinoor Amritsari Tandoori Chicken Masala,Spices & Masalas
960,24 Mantra Organic Chilli Powder,Spices & Masalas
961,Catch Sprinklers Iodized Table Salt,"Rice, Flour & Pulses"
962,Weikfield Cornflour,"Rice, Flour & Pulses"
963,24 Mantra Organic Wholewheat Atta Premium,"Rice, Flour & Pulses"
964,24 Mantra Organic Chana (Bengal Gram) dal,"Rice, Flour & Pulses"
965,Fortune Mini Soya chunks,"Rice, Flour & Pulses"
966,Pro Nature 100% Organic Rajma (Chitra),"Rice, Flour & Pulses"
967,Organic Tattva Wheat Maida,"Rice, Flour & Pulses"
968,Daawat Super Basmati,"Rice, Flour & Pulses"
969,Kohinoor Authentic Royale Biryani Basmati Rice 5 Kg | Special Biryani Rice  ,"Rice, Flour & Pulses"
970,24 Mantra Organic Jowar (Sorghum) Flour,"Rice, Flour & Pulses"
971,Dried Soy Beans  Fortune SOYA Chunks,"Rice, Flour & Pulses"
972,Brown Rice  Kohinoor Charminar Brown Rice,"Rice, Flour & Pulses"
973,Fortune Everyday Basmati Rice,"Rice, Flour & Pulses"
974,INDIA GATE Natural Wholegrain Quinoa,"Rice, Flour & Pulses"
975,Tata Sampann Combi Pack -Unpolished Toor Dal 1kg +Unpolished Urad Whole 1kg ,"Rice, Flour & Pulses"
976,Organic Tattva Rice Flour,"Rice, Flour & Pulses"
977,Kohinoor Super Silver Basmati Rice 5 Kg | Premium Basmati Rice  ,"Rice, Flour & Pulses"
978,24 Mantra Organic Sonamasuri Raw Rice Polished 5kg  ,"Rice, Flour & Pulses"
979,Kohinoor Charminar Long Grain Rice,"Rice, Flour & Pulses"
980,24 Mantra Organic 7 Grain Multigrain Atta 1Kg  ,"Rice, Flour & Pulses"
981,Charminar Everymeal Mogra Basmati Rice 10kg | Broken Rice  ,"Rice, Flour & Pulses"
982,24 Mantra Organic Sonamasuri Semi Brown Rice Hand Pounded,"Rice, Flour & Pulses"
983,Kohinoor Gold India's Finest Extra Long Authentic Basmati Rice,"Rice, Flour & Pulses"
984,Unity Super | Authentic Long Grain Basmati Rice,"Rice, Flour & Pulses"
985,India Gate Select,"Rice, Flour & Pulses"
986,Organic Tattva Red Poha,"Rice, Flour & Pulses"
987,Kohinoor Brown Authentic Basmati Rice,"Rice, Flour & Pulses"
988,Fortune Super Basmati Rice,"Rice, Flour & Pulses"
989,Pro Nature 100% Organic Moong Yellow,"Rice, Flour & Pulses"
990,Organic Tattva Sona Masuri Hand Pounded,"Rice, Flour & Pulses"
991,Fortune Biryani Classic,"Rice, Flour & Pulses"
992,Organic Tattva Sona Masuri Rice White Polished,"Rice, Flour & Pulses"
993,Tilda Pure Original Basmati Rice,"Rice, Flour & Pulses"
994,Organic Tattva Ragi Whole,"Rice, Flour & Pulses"
995,Kohinoor Super Silver Authentic Basmati Rice,"Rice, Flour & Pulses"
996,Organic Tattva Ragi Flour,"Rice, Flour & Pulses"
997,Pro Nature 100% Organic Quinoa,"Rice, Flour & Pulses"
998,Kohinoor Dubar Authentic Basmati Rice,"Rice, Flour & Pulses"
999,Kohinoor Charminar Select Basmati Rice,"Rice, Flour & Pulses"
1000,24 Mantra Organic Sonamasuri Raw Semi Brown Rice Handpounded,"Rice, Flour & Pulses"
1001,Tilda Everyday Basmati Rice,"Rice, Flour & Pulses"
1002,India Gate Basmati Rice Super,"Rice, Flour & Pulses"
1003,24 Organic Mantra Parboiled Kodo Millet,"Rice, Flour & Pulses"
1004,24 Mantra Organic Basmati Brown rice,"Rice, Flour & Pulses"
